player_id,name,bat_style,bowl_style,bowl_type,role,age,bat_hand
44936,Abraham Benjamin de Villiers,Right-hand bat,Right-arm medium,pace,Wicketkeeper batter,42,right
5334,Aaron James Finch,Right-hand bat,Slow left-arm orthodox,spin,Top-order batter,39,right
1287067,Pappanayil Abdul Basith,Right-hand bat,Right-arm offbreak,spin,Allrounder,27,right
1175485,Abdul Samad Farooq,Right-hand bat,Legbreak,spin,Batter,24,right
1081183,Abhijeet Tomar,Right-hand bat,Right-arm offbreak,spin,Opening batter,31,right
778963,Abhinav Manohar,Right-hand bat,Legbreak googly,spin,Batting allrounder,31,right
1070183,Abhishek Sharma,Left-hand bat,Slow left-arm orthodox,spin,Batting allrounder,25,left
1277545,Abishek Porel,Left-hand bat,,,Wicketkeeper batter,23,left
228430,Abu Nechim Ahmed,Right-hand bat,Right-arm medium-fast,pace,Bowler,37,right
450860,Adam Fraser Milne,Right-hand bat,Right-arm fast,pace,Bowler,33,right
379504,Adam Zampa,Right-hand bat,Legbreak googly,spin,Bowler,33,right
244497,Adil Usman Rashid,Right-hand bat,Legbreak,spin,Bowler,38,right
333904,Aditya Prakash Tare,Right-hand bat,,,Wicketkeeper,38,right
600498,Aiden Kyle Markram,Right-hand bat,Right-arm offbreak,spin,Middle-order batter,31,right
277916,Ajinkya Madhukar Rahane,Right-hand bat,Right-arm medium,pace,Top-order batter,37,right
1176959,Akash Deep,Right-hand bat,Right-arm fast-medium,pace,Bowler,29,right
1206039,Akash Madhwal,Right-hand bat,Right-arm medium-fast,pace,Bowler,32,right
1175458,Akash Maharaj Singh,Right-hand bat,Left-arm medium-fast,pace,Bowler,23,right
530812,Akeal Jerome Hosein,Left-hand bat,Slow left-arm orthodox,spin,Bowler,32,left
574178,Mahamarakkala Kurukulasooriya Patabendige Akila Dananjaya Perera,Left-hand bat,Right-arm offbreak,spin,Bowling allrounder,32,left
500360,Akshdeep Deependra Nath,Right-hand bat,Right-arm medium-fast,pace,Middle-order batter,32,right
46248,Johannes Albertus Morkel,Left-hand bat,Right-arm medium-fast,pace,Bowling allrounder,44,left
326434,Alex Tyson Carey,Left-hand bat,,,Wicketkeeper batter,34,left
249866,Alexander Daniel Hales,Right-hand bat,Right-arm medium,pace,Opening batter,37,right
670031,Alzarri Shaheim Joseph,Right-hand bat,Right-arm fast,pace,Bowler,29,right
1254269,Aman Khan,Right-hand bat,Right-arm medium,pace,Allrounder,29,right
33141,Ambati Thirupathi Rayudu,Right-hand bat,Right-arm offbreak,spin,Middle-order batter,40,right
31107,Amit Mishra,Right-hand bat,Legbreak,spin,Bowler,43,right
276298,Andre Dwayne Russell,Right-hand bat,Right-arm fast,pace,Allrounder,37,right
459508,Andrew James Tye,Right-hand bat,Right-arm medium-fast,pace,Bowler,39,right
49764,Angelo Davis Mathews,Right-hand bat,Right-arm medium,pace,Allrounder,38,right
1292495,Angkrish Raghuvanshi,Right-hand bat,Slow left-arm orthodox,spin,Top-order batter,21,right
527299,Aniket Vinod Choudhary,Right-hand bat,Left-arm medium,pace,Bowler,36,right
327123,Ankit Ramdas Bawne,Right-hand bat,Right-arm offbreak,spin,Middle-order batter,33,right
591650,Ankit Singh Rajpoot,Right-hand bat,Right-arm medium,pace,Bowler,32,right
422992,Ankit Nagendra Sharma,Left-hand bat,Slow left-arm orthodox,spin,Bowler,34,left
1083128,Ankit Soni,Right-hand bat,Legbreak,spin,Allrounder,32,right
851261,Anmolpreet Singh,Right-hand bat,Right-arm offbreak,spin,Batter,27,right
481979,Anrich Arno Nortje,Right-hand bat,Right-arm fast,pace,Bowler,32,right
1175428,Anshul Kamboj,Right-hand bat,Right-arm medium,pace,Bowling allrounder,25,right
1123073,Anuj Rawat,Left-hand bat,,,Wicketkeeper batter,26,left
1079839,Anukul Sudhakar Roy,Left-hand bat,Slow left-arm orthodox,spin,Allrounder,27,left
376324,Kathuria Anureet Singh,Right-hand bat,Right-arm medium,pace,Bowler,38,right
1148776,Arjun Sachin Tendulkar,Left-hand bat,Left-arm medium-fast,pace,Bowler,26,left
1244751,Mohd Arshad Khan,Left-hand bat,Left-arm fast-medium,pace,Bowler,28,left
1125976,Arshdeep Singh,Left-hand bat,Left-arm medium-fast,pace,Bowler,27,left
1403153,Arshin Atul Kulkarni,Right-hand bat,Right-arm medium,pace,Allrounder,21,right
31820,Ashish Nehra,Right-hand bat,Left-arm medium-fast,pace,Bowler,46,right
389605,Ammana Ashish Reddy,Right-hand bat,Right-arm medium,pace,Allrounder,35,right
227712,Ashok Bhimchandra Dinda,Right-hand bat,Right-arm medium-fast,pace,Bowler,41,right
500268,Ashton James Turner,Right-hand bat,Right-arm offbreak,spin,Middle-order batter,33,right
1131978,Ashutosh Rambabu Sharma,Right-hand bat,,,Batting allrounder,27,right
1125958,Atharva Taide,Left-hand bat,Slow left-arm orthodox,spin,Batting allrounder,25,left
694211,Avesh Khan,Right-hand bat,Right-arm fast-medium,pace,Bowler,29,right
554691,Axar Rajeshbhai Patel,Left-hand bat,Slow left-arm orthodox,spin,Allrounder,32,left
1151270,Ayush Badoni,Right-hand bat,Right-arm offbreak,spin,Batter,26,right
39024,Azhar Mahmood Sagar,Right-hand bat,Right-arm fast-medium,pace,Bowling allrounder,51,right
819429,Azmatullah Omarzai,Right-hand bat,Right-arm medium-fast,pace,Allrounder,25,right
917231,Belur Ravi Sharath,Right-hand bat,,,Wicketkeeper batter,29,right
477069,Baba Indrajith,Right-hand bat,Legbreak googly,spin,Top-order batter,31,right
537126,Barinder Balbirsingh Sran,Left-hand bat,Left-arm medium,pace,Bowler,33,left
732291,Basil Thampi,Right-hand bat,Right-arm fast-medium,pace,Bowler,32,right
230371,Benjamin Colin James Cutting,Right-hand bat,Right-arm fast-medium,pace,Allrounder,39,right
315623,Ben Laughlin,Right-hand bat,Right-arm fast-medium,pace,Bowler,43,right
311158,Benjamin Andrew Stokes,Left-hand bat,Right-arm fast-medium,pace,Allrounder,34,left
379927,Beuran Eric Hendricks,Left-hand bat,Left-arm fast-medium,pace,Bowler,35,left
342619,Pramod Bhanuka Bandara Rajapaksa,Left-hand bat,Right-arm medium,pace,Top-order batter,34,left
326016,Bhuvneshwar Kumar Singh,Right-hand bat,Right-arm medium,pace,Bowler,36,right
533042,Billy James Stanlake,Left-hand bat,Right-arm fast,pace,Bowler,31,left
35928,Bipul Sharma,Left-hand bat,Slow left-arm orthodox,spin,Allrounder,42,left
5681,George Bradley Hogg,Left-hand bat,Left-arm wrist-spin,spin,Allrounder,55,left
37737,Brendon Barrie McCullum,Right-hand bat,Right-arm medium,pace,Wicketkeeper batter,44,right
1076713,Cameron Donald Green,Right-hand bat,Right-arm fast-medium,pace,Batting allrounder,26,right
457249,Carlos Ricardo Brathwaite,Right-hand bat,Right-arm fast-medium,pace,Allrounder,37,right
1131754,Chetan Sakariya,Left-hand bat,Left-arm medium-fast,pace,Bowler,28,left
302208,Chidhambaram Muralidharen Gautam,Right-hand bat,,,Wicketkeeper,40,right
51880,Christopher Henry Gayle,Left-hand bat,Right-arm offbreak,spin,Allrounder,46,left
787073,Christopher James Green,Right-hand bat,Right-arm offbreak,spin,Bowling allrounder,32,right
288992,Christopher James Jordan,Right-hand bat,Right-arm fast-medium,pace,Bowler,37,right
326637,Christopher Austin Lynn,Right-hand bat,Slow left-arm orthodox,spin,Batter,35,right
439952,Christopher Henry Morris,Right-hand bat,Right-arm fast-medium,pace,Bowling allrounder,38,right
247235,Christopher Roger Woakes,Right-hand bat,Right-arm fast-medium,pace,Allrounder,37,right
45705,Colin Alexander Ingram,Left-hand bat,Legbreak,spin,Top-order batter,40,left
232359,Colin Munro,Left-hand bat,Right-arm medium-fast,pace,Opening batter,39,left
55395,Colin de Grandhomme,Right-hand bat,Right-arm medium-fast,pace,Allrounder,39,right
277662,Corey James Anderson,Left-hand bat,Left-arm medium-fast,pace,Batting allrounder,35,left
308798,D'Arcy John Matthew Short,Left-hand bat,Left-arm wrist-spin,spin,Opening batter,35,left
47492,Dale Willem Steyn,Right-hand bat,Right-arm fast,pace,Bowler,42,right
4864,Daniel Trevor Christian,Right-hand bat,Right-arm fast-medium,pace,Allrounder,42,right
826901,Daniel Richard Sams,Right-hand bat,Left-arm fast-medium,pace,Allrounder,33,right
53115,Daren Julius Garvey Sammy,Right-hand bat,Right-arm medium,pace,Allrounder,42,right
277472,Darren Michael Bravo,Left-hand bat,Right-arm medium,pace,Top-order batter,37,left
1111917,Darshan Girish Nalkande,Right-hand bat,Right-arm fast-medium,pace,Bowler,27,right
381743,Daryl Joseph Mitchell,Right-hand bat,Right-arm medium,pace,Batting allrounder,34,right
437316,Madagamagamage Dasun Shanaka,Right-hand bat,Right-arm medium,pace,Allrounder,34,right
321777,David Andrew Miller,Left-hand bat,Right-arm offbreak,spin,Middle-order batter,36,left
219889,David Andrew Warner,Left-hand bat,Legbreak,spin,Opening batter,39,left
221140,David Wiese,Right-hand bat,Right-arm medium-fast,pace,Allrounder,40,right
308251,David Jonathan Willey,Left-hand bat,Left-arm fast-medium,pace,Bowling allrounder,36,left
236489,Dawid Johannes Malan,Left-hand bat,Legbreak,spin,Top-order batter,38,left
447261,Deepak Lokandersingh Chahar,Right-hand bat,Right-arm medium,pace,Bowler,33,right
497121,Deepak Jagbir Hooda,Right-hand bat,Right-arm offbreak,spin,Allrounder,30,right
1119026,Devdutt Padikkal,Left-hand bat,Right-arm offbreak,spin,Top-order batter,25,left
379140,Devon Philip Conway,Left-hand bat,Right-arm medium,pace,Wicketkeeper batter,34,left
1070665,Dewald Brevis,Right-hand bat,Legbreak,spin,Middle-order batter,22,right
277955,Dhawal Sunil Kulkarni,Right-hand bat,Right-arm medium,pace,Bowler,37,right
1175488,Dhruv Chand Jurel,Right-hand bat,,,Wicketkeeper batter,25,right
590327,Dhruv Ranjan Shorey,Right-hand bat,Right-arm offbreak,spin,Top-order batter,33,right
30045,Krishnakumar Dinesh Karthik,Right-hand bat,Right-arm offbreak,spin,Wicketkeeper batter,40,right
528985,Domnic Joseph Muthuswami,Right-hand bat,Right-arm medium,pace,Unknown,45,right
698315,Donovan Ferreira,Right-hand bat,Right-arm offbreak,spin,Allrounder,27,right
595954,Duan Jansen,Right-hand bat,Left-arm fast,pace,Bowler,25,right
552152,Pathira Vasan Dushmantha Chameera,Right-hand bat,Right-arm fast,pace,Bowler,34,right
327830,Dwaine Pretorius,Right-hand bat,Right-arm medium-fast,pace,Bowling allrounder,36,right
51439,Dwayne John Bravo,Right-hand bat,Right-arm medium,pace,Allrounder,42,right
53118,Dwayne Romel Smith,Right-hand bat,Right-arm medium,pace,Allrounder,42,right
340841,Eklavya Rakesh Dwivedi,Right-hand bat,,,Wicketkeeper,37,right
24598,Eoin Joseph Gerard Morgan,Left-hand bat,Right-arm medium,pace,Middle-order batter,39,left
431901,Evin Lewis,Left-hand bat,,,Opening batter,34,left
670013,Fabian Anthony Allen,Right-hand bat,Slow left-arm orthodox,spin,Bowling allrounder,30,right
44828,Francois du Plessis,Right-hand bat,Legbreak,spin,Middle-order batter,41,right
44410,Farhaan Behardien,Right-hand bat,Right-arm fast-medium,pace,Batting allrounder,42,right
974175,Fazalhaq Farooqi,Right-hand bat,Left-arm fast-medium,pace,Bowler,25,right
28763,Gautam Gambhir,Left-hand bat,Legbreak,spin,Top-order batter,44,left
4451,George John Bailey,Right-hand bat,Right-arm medium,pace,Top-order batter,43,right
643433,George Henry Simmons Garton,Left-hand bat,Left-arm fast,pace,Bowling allrounder,28,left
596010,Gerald Coetzee,Right-hand bat,Right-arm fast,pace,Bowler,25,right
325026,Glenn James Maxwell,Right-hand bat,Right-arm offbreak,spin,Batting allrounder,37,right
823509,Glenn Dominic Phillips,Right-hand bat,Right-arm offbreak,spin,Allrounder,29,right
352048,Gulbadin Naib,Right-hand bat,Right-arm medium-fast,pace,Batting allrounder,34,right
499660,Gurinder Singh Sandhu,Left-hand bat,Right-arm fast-medium,pace,Bowler,32,left
537124,Gurkeerat Rupinder Singh,Right-hand bat,Right-arm offbreak,spin,Middle-order batter,35,right
1287033,Gurnoor Brar,Left-hand bat,Right-arm fast,pace,Bowler,25,left
452044,Gade Hanuma Vihari,Right-hand bat,Right-arm offbreak,spin,Batting allrounder,32,right
29264,Harbhajan Singh,Right-hand bat,Right-arm offbreak,spin,Bowler,45,right
625371,Hardik Himanshu Pandya,Right-hand bat,Right-arm medium-fast,pace,Allrounder,32,right
375126,GC Viljoen,Right-hand bat,Right-arm fast,pace,Bowler,37,right
1168641,Harpreet Brar,Left-hand bat,Slow left-arm orthodox,spin,Bowler,30,left
340854,Harpreet Singh Bhatia,Left-hand bat,Right-arm medium,pace,Batter,34,left
911707,Harry Cherrington Brook,Right-hand bat,Right-arm medium,pace,Middle-order batter,27,right
244639,Harry Frederick Gurney,Right-hand bat,Left-arm fast-medium,pace,Bowler,39,right
390481,Harshal Vikram Patel,Right-hand bat,Right-arm medium,pace,Bowling allrounder,35,right
1312645,Harshit Pradeep Rana,Right-hand bat,Right-arm fast,pace,Bowler,24,right
43906,Hashim Mahomed Amla,Right-hand bat,Right-arm medium,pace,Top-order batter,42,right
436757,Heinrich Klaasen,Right-hand bat,Right-arm offbreak,spin,Wicketkeeper batter,34,right
1350761,Himanshu Sharma,Right-hand bat,Legbreak,spin,Bowler,27,right
1175423,Hrithik Rakesh Shokeen,Right-hand bat,Right-arm offbreak,spin,Bowler,25,right
40618,Mohammad Imran Tahir,Right-hand bat,Legbreak googly,spin,Bowler,46,right
277237,Sayed Iqbal Abdulla,Left-hand bat,Slow left-arm orthodox,spin,Allrounder,36,left
32685,Irfan Khan Pathan,Left-hand bat,Left-arm medium-fast,pace,Allrounder,41,left
559066,Inderbir Singh Sodhi,Right-hand bat,Legbreak,spin,Bowler,33,right
720471,Ishan Pranav Kumar Pandey Kishan,Left-hand bat,Right-arm offbreak,spin,Wicketkeeper batter,27,left
967603,Ishan Chandranath Porel,Right-hand bat,Right-arm medium,pace,Bowler,27,right
279554,Ishank Rajiv Jaggi,Right-hand bat,Legbreak googly,spin,Batter,37,right
236779,Ishant Sharma,Right-hand bat,Right-arm fast-medium,pace,Bowler,37,right
447439,Ishwar Chand Pandey,Right-hand bat,Right-arm medium,pace,Bowler,36,right
328026,Isuru Udana Tillakaratna,Right-hand bat,Left-arm medium-fast,pace,Allrounder,38,right
527663,Jagadeesha Suchith,Left-hand bat,Slow left-arm orthodox,spin,Bowler,32,left
1168049,Jake Matthew Fraser-McGurk,Right-hand bat,Legbreak googly,spin,Batter,23,right
237199,Jalaj Sahai Saxena,Right-hand bat,Right-arm offbreak,spin,Allrounder,39,right
270484,James Peter Faulkner,Right-hand bat,Left-arm fast-medium,pace,Bowling allrounder,35,right
355269,James Douglas Sheahan Neesham,Left-hand bat,Right-arm medium-fast,pace,Batting allrounder,35,left
272465,James Lee Pattinson,Left-hand bat,Right-arm fast-medium,pace,Bowler,35,left
272477,Jason Paul Behrendorff,Right-hand bat,Left-arm fast-medium,pace,Bowler,35,right
391485,Jason Omar Holder,Right-hand bat,Right-arm medium-fast,pace,Bowling allrounder,34,right
298438,Jason Jonathan Roy,Right-hand bat,,,Opening batter,35,right
625383,Jasprit Jasbirsingh Bumrah,Right-hand bat,Right-arm fast,pace,Bowler,32,right
230554,Javon Philip Ramon Scantlebury-Searles,Right-hand bat,Right-arm fast-medium,pace,Bowling allrounder,39,right
447587,Jayant Yadav,Right-hand bat,Right-arm offbreak,spin,Bowler,36,right
390484,Jaydev Dipakbhai Unadkat,Right-hand bat,Left-arm medium,pace,Bowler,34,right
44932,Jean-Paul Duminy,Left-hand bat,Right-arm offbreak,spin,Batting allrounder,41,left
774223,Jhye Avon Richardson,Right-hand bat,Right-arm fast,pace,Bowler,29,right
721867,Jitesh Mohan Sharma,Right-hand bat,,,Wicketkeeper batter,32,right
12454,Joseph Liam Denly,Right-hand bat,Legbreak,spin,Top-order batter,40,right
303669,Joseph Edward Root,Right-hand bat,Right-arm offbreak,spin,Top-order batter,35,right
669855,Jofra Chioke Archer,Right-hand bat,Right-arm fast,pace,Bowler,30,right
44149,Johan Botha,Right-hand bat,Right-arm offbreak,spin,Allrounder,43,right
228622,John Wayne Hastings,Right-hand bat,Right-arm fast-medium,pace,Allrounder,40,right
297433,Jonathan Marc Bairstow,Right-hand bat,Right-arm medium,pace,Wicketkeeper batter,36,right
308967,Joseph Charles Buttler,Right-hand bat,,,Wicketkeeper batter,35,right
288284,Josh Reginald Hazlewood,Left-hand bat,Right-arm fast-medium,pace,Bowler,35,left
928067,Joshua Brian Little,Right-hand bat,Left-arm fast-medium,pace,Bowler,26,right
1124282,Joshua Ryan Philippe,Right-hand bat,,,Wicketkeeper batter,28,right
545467,Carl Junior Dala,Right-hand bat,Right-arm medium,pace,Bowler,36,right
777537,Konganda Charamanna Cariappa,Right-hand bat,Legbreak,spin,Bowler,31,right
422108,Kannaur Lokesh Rahul,Right-hand bat,,,Wicketkeeper batter,33,right
1083030,KM Asif,Right-hand bat,Right-arm medium,pace,Bowler,32,right
550215,Kagiso Rabada,Left-hand bat,Right-arm fast,pace,Bowler,30,left
1070188,Kamlesh Lachham Nagarkoti,Right-hand bat,Right-arm fast,pace,Bowler,26,right
272262,Kane William Richardson,Right-hand bat,Right-arm fast-medium,pace,Bowler,35,right
277906,Kane Stuart Williamson,Right-hand bat,Right-arm offbreak,spin,Top-order batter,35,right
1246518,Karan Sunny Sharma,Right-hand bat,Right-arm offbreak,spin,Allrounder,27,right
322535,Karanveer Singh,Right-hand bat,Legbreak googly,spin,Unknown,38,right
30288,Karn Vinod Sharma,Left-hand bat,Legbreak googly,spin,Bowler,38,left
1122918,Kartik Tyagi,Right-hand bat,Right-arm fast,pace,Bowler,25,right
398439,Karun Nair,Right-hand bat,Right-arm offbreak,spin,Top-order batter,34,right
290716,Kedar Mahadav Jadhav,Right-hand bat,Right-arm offbreak,spin,Batting allrounder,40,right
677081,Keemo Mandela Angus Paul,Right-hand bat,Right-arm fast-medium,pace,Allrounder,28,right
267724,Keshav Athmanand Maharaj,Right-hand bat,Slow left-arm orthodox,spin,Bowler,36,right
19296,Kevin Peter Pietersen,Right-hand bat,Right-arm offbreak,spin,Top-order batter,45,right
942645,Khaleel Khursheed Ahmed,Right-hand bat,Left-arm fast-medium,pace,Bowler,28,right
230559,Kieron Adrian Pollard,Right-hand bat,Right-arm medium,pace,Batting allrounder,38,right
424377,Krishnappa Gowtham,Right-hand bat,Right-arm offbreak,spin,Bowling allrounder,37,right
471342,Krunal Himanshu Pandya,Left-hand bat,Slow left-arm orthodox,spin,Allrounder,34,left
1163695,Kuldeep Rampal Sen,Right-hand bat,Right-arm fast,pace,Bowler,29,right
559235,Kuldeep Yadav,Left-hand bat,Left-arm wrist-spin,spin,Bowler,31,left
1206495,Kuldip Yadav,Left-hand bat,Left-arm fast-medium,pace,Bowler,29,left
1083033,Kulwant Khejroliya,Left-hand bat,Left-arm medium-fast,pace,Bowler,34,left
1159843,Kumar Kartikeya Singh,Right-hand bat,Slow left-arm orthodox,spin,Bowler,28,right
1207295,Kumar Kushagra,Right-hand bat,,,Wicketkeeper batter,21,right
1294342,Kwena Tshegofatso Maphaka,Left-hand bat,Left-arm fast,pace,Bowler,19,left
297583,Kyle John Abbott,Right-hand bat,Right-arm fast-medium,pace,Bowler,38,right
625960,Kyle Alex Jamieson,Right-hand bat,Right-arm fast-medium,pace,Bowler,31,right
348056,Kyle Rico Mayers,Left-hand bat,Right-arm medium,pace,Batting allrounder,33,left
930189,Lalit Yadav,Right-hand bat,Right-arm offbreak,spin,Allrounder,29,right
49758,Separamadu Lasith Malinga,Right-hand bat,Right-arm fast,pace,Bowler,42,right
53116,Lendl Mark Platter Simmons,Right-hand bat,Right-arm medium-fast,pace,Top-order batter,41,right
403902,Liam Stephen Livingstone,Right-hand bat,Right-arm offbreak,spin,Batting allrounder,32,right
19264,Liam Edward Plunkett,Right-hand bat,Right-arm fast,pace,Bowler,40,right
536936,Litton Kumer Das,Right-hand bat,Right-arm offbreak,spin,Wicketkeeper batter,31,right
379887,Lizaad Buyron Williams,Left-hand bat,Right-arm medium-fast,pace,Bowler,32,left
493773,Lachlan Hammond Ferguson,Right-hand bat,Right-arm fast,pace,Bowler,34,right
573170,Luke Wood,Left-hand bat,Left-arm fast-medium,pace,Bowler,30,left
573930,Lukman Iqbal Meriwala,Left-hand bat,Left-arm fast-medium,pace,Bowler,34,left
542023,Lungisani True-man Ngidi,Right-hand bat,Right-arm fast-medium,pace,Bowler,29,right
28081,Mahendra Singh Dhoni,Right-hand bat,Right-arm medium,pace,Wicketkeeper batter,44,right
719719,Masood Shahrukh Khan,Right-hand bat,Right-arm offbreak,spin,Batter,30,right
1138316,Morawakage Maheesh Theekshana,Right-hand bat,Right-arm offbreak,spin,Bowler,25,right
853265,Mahipal Krishan Lomror,Left-hand bat,Slow left-arm orthodox,spin,Allrounder,26,left
532856,Manan Vohra,Right-hand bat,Right-arm medium,pace,Opening batter,32,right
1175426,Manav Jagdusakumar Suthar,Left-hand bat,Slow left-arm orthodox,spin,Bowling allrounder,23,left
398506,Mandeep Singh,Right-hand bat,Right-arm medium,pace,Allrounder,34,right
1151286,Manimaran Siddharth,Right-hand bat,Slow left-arm orthodox,spin,Bowler,27,right
290630,Manish Krishnanand Pandey,Right-hand bat,Right-arm medium,pace,Top-order batter,36,right
35565,Manoj Kumar Tiwary,Right-hand bat,Legbreak googly,spin,Batter,40,right
317293,Manpreet Singh Gony,Right-hand bat,Right-arm medium,pace,Bowler,42,right
27280,Manvinder Sultansingh Bisla,Right-hand bat,,,Wicketkeeper,41,right
393279,Marchant de Lange,Right-hand bat,Right-arm fast,pace,Bowler,35,right
696401,Marco Jansen,Right-hand bat,Left-arm fast,pace,Bowling allrounder,25,right
325012,Marcus Peter Stoinis,Right-hand bat,Right-arm medium,pace,Batting allrounder,36,right
351588,Mark Andrew Wood,Right-hand bat,Right-arm fast,pace,Bowler,36,right
52983,Marlon Nathaniel Samuels,Right-hand bat,Right-arm offbreak,spin,Top-order batter,45,right
226492,Martin James Guptill,Right-hand bat,Right-arm offbreak,spin,Opening batter,39,right
1194795,Matheesha Pathirana,Right-hand bat,Right-arm fast,pace,Bowler,23,right
506612,Matthew James Henry,Right-hand bat,Right-arm fast-medium,pace,Bowler,34,right
605575,Matthew William Short,Right-hand bat,Right-arm offbreak,spin,Batting allrounder,30,right
230193,Matthew Scott Wade,Left-hand bat,Right-arm medium,pace,Wicketkeeper batter,38,left
398438,Mayank Anurag Agarwal,Right-hand bat,Right-arm offbreak,spin,Batter,35,right
942367,Mayank J Dagar,Right-hand bat,Slow left-arm orthodox,spin,Bowler,29,right
1081442,Mayank Markande,Right-hand bat,Legbreak,spin,Bowler,28,right
1292563,Mayank Prabhu Yadav,Right-hand bat,Right-arm fast,pace,Bowler,23,right
326968,Michael Gordon Bracewell,Left-hand bat,Right-arm offbreak,spin,Batting allrounder,35,left
5939,Michael Edward Killeen Hussey,Left-hand bat,Right-arm medium,pace,Middle-order batter,50,left
6033,Mitchell Guy Johnson,Left-hand bat,Left-arm fast,pace,Bowler,44,left
272450,Mitchell Ross Marsh,Right-hand bat,Right-arm medium,pace,Allrounder,34,right
319439,Mitchell John McClenaghan,Left-hand bat,Left-arm fast-medium,pace,Bowler,39,left
502714,Mitchell Josef Santner,Left-hand bat,Slow left-arm orthodox,spin,Bowling allrounder,34,left
311592,Mitchell Aaron Starc,Left-hand bat,Left-arm fast,pace,Bowler,36,left
8917,Moeen Munir Ali,Left-hand bat,Right-arm offbreak,spin,Batting allrounder,38,left
25913,Mohammad Nabi,Right-hand bat,Right-arm offbreak,spin,Allrounder,41,right
481896,Mohammed Shami Ahmed,Right-hand bat,Right-arm fast,pace,Bowler,35,right
940973,Mohammed Siraj,Right-hand bat,Right-arm fast,pace,Bowler,32,right
1349361,Mohit Rathee,Right-hand bat,Legbreak,spin,Allrounder,27,right
537119,Mohit Mahipal Sharma,Right-hand bat,Right-arm medium,pace,Bowler,37,right
1132005,Mohsin Khan,Left-hand bat,Left-arm medium-fast,pace,Bowler,27,left
5961,Moises Constantino Henriques,Right-hand bat,Right-arm fast-medium,pace,Allrounder,39,right
694209,Monu Kumar Singh,Right-hand bat,Right-arm medium,pace,Bowling allrounder,31,right
46538,Morne Morkel,Left-hand bat,Right-arm fast,pace,Bowler,41,left
974109,Mujeeb Ur Rahman,Right-hand bat,Right-arm offbreak,spin,Bowler,24,right
1125688,Mukesh Choudhary,Left-hand bat,Left-arm medium,pace,Bowler,29,left
926851,Mukesh Kumar,Right-hand bat,Right-arm medium,pace,Bowler,32,right
32965,Munaf Musa Patel,Right-hand bat,Right-arm medium-fast,pace,Bowler,42,right
237095,Murali Vijay,Right-hand bat,Right-arm offbreak,spin,Opening batter,41,right
528067,Murugan Ashwin,Right-hand bat,Legbreak googly,spin,Bowler,35,right
330902,Mustafizur Rahman,Left-hand bat,Left-arm fast-medium,pace,Bowler,30,left
1287032,Naman Dhir,Right-hand bat,Right-arm offbreak,spin,Allrounder,26,right
32102,Naman Vinaykumar Ojha,Right-hand bat,,,Wicketkeeper batter,42,right
971349,Nandre Burger,Left-hand bat,Left-arm fast-medium,pace,Bowler,30,left
1048813,Narayan Jagadeesan,Right-hand bat,,,Wicketkeeper batter,30,right
261354,Nathan Mitchell Coulter-Nile,Right-hand bat,Right-arm fast,pace,Bowling allrounder,38,right
826915,Nathan Ellis,Right-hand bat,Right-arm fast-medium,pace,Bowler,31,right
853259,Nathu Bharat Singh,Right-hand bat,Right-arm medium,pace,Bowler,30,right
700167,Navdeep Amarjeet Saini,Right-hand bat,Right-arm fast,pace,Bowler,33,right
793447,Naveen-ul-Haq Murid,Right-hand bat,Right-arm medium-fast,pace,Bowler,26,right
1151273,Nehal Wadhera,Left-hand bat,Legbreak,spin,Top-order batter,25,left
333780,Nicolas James Maddinson,Left-hand bat,Slow left-arm orthodox,spin,Opening batter,34,left
604302,Nicholas Pooran,Left-hand bat,Right-arm offbreak,spin,Wicketkeeper batter,30,left
554700,Nikhil Shankar Naik,Right-hand bat,,,Wicketkeeper batter,31,right
1175496,Kaki Nitish Kumar Reddy,Right-hand bat,Right-arm medium-fast,pace,Batting allrounder,22,right
604527,Nitish Rana,Left-hand bat,Right-arm medium,pace,Middle-order batter,32,left
1182529,Noor Ahmad Lakanwal,Right-hand bat,Left-arm wrist-spin,spin,Bowler,21,right
955235,Ilandari Dewage Nuwan Thushara,Right-hand bat,Right-arm medium-fast,pace,Bowler,31,right
906783,Obed  Christopher McCoy,Left-hand bat,Left-arm fast-medium,pace,Bowler,29,left
820691,Odean Fabian Smith,Right-hand bat,Right-arm fast-medium,pace,Bowling allrounder,29,right
914567,Oshane Romaine Thomas,Left-hand bat,Right-arm fast,pace,Bowler,29,left
34155,Pardeep Sahu,Right-hand bat,Legbreak googly,spin,Allrounder,40,right
32242,Parthiv Ajay Patel,Left-hand bat,Right-arm offbreak,spin,Wicketkeeper batter,41,left
378496,Parvez Ghulam Rasool Zargar,Right-hand bat,Right-arm offbreak,spin,Bowling allrounder,37,right
489889,Patrick James Cummins,Right-hand bat,Right-arm fast,pace,Bowler,32,right
530773,Pawan Negi,Left-hand bat,Slow left-arm orthodox,spin,Bowler,33,left
431213,Pawan Shakland Suyal,Right-hand bat,Left-arm medium,pace,Bowler,36,right
334337,Peter Stephen Patrick Handscomb,Right-hand bat,,,Batter,34,right
669365,Philip Dean Salt,Right-hand bat,Right-arm offbreak,spin,Wicketkeeper batter,29,right
32966,Piyush Pramod Chawla,Left-hand bat,Legbreak,spin,Bowling allrounder,37,left
1161024,Prabhsimran Singh,Right-hand bat,,,Wicketkeeper batter,25,right
279545,Pradeep Jaibeer Sangwan,Right-hand bat,Left-arm medium,pace,Bowler,35,right
32130,Pragyan Prayash Ojha,Left-hand bat,Slow left-arm orthodox,spin,Bowler,39,left
500135,Prashant Chopra,Right-hand bat,Legbreak googly,spin,Opening batter,33,right
1252337,Prashant Hitesh Solanki,Right-hand bat,Legbreak,spin,Bowler,26,right
917159,Muralikrishna Prasidh Krishna,Right-hand bat,Right-arm fast-medium,pace,Bowler,30,right
777515,Praveen Dubey,Right-hand bat,Legbreak googly,spin,Bowler,32,right
30732,Praveenkumar Sakat Singh,Right-hand bat,Right-arm medium,pace,Bowler,39,right
587152,Pravin Vijay Tambe,Right-hand bat,Legbreak,spin,Bowler,54,right
1159712,Prayas Ray Barman,Right-hand bat,Legbreak googly,spin,Bowler,23,right
956871,Prerak Nileshkumar Mankad,Right-hand bat,Right-arm medium,pace,Allrounder,31,right
1121579,Prithvi Raj Yarra,Left-hand bat,Left-arm medium,pace,Bowler,28,left
1070168,Prithvi Pankaj Shaw,Right-hand bat,Right-arm offbreak,spin,Opening batter,26,right
1070180,Priyam K Garg,Right-hand bat,Right-arm medium,pace,Top-order batter,25,right
379143,Quinton de Kock,Left-hand bat,,,Wicketkeeper batter,33,left
35280,Rudra Pratap Singh,Right-hand bat,Left-arm fast-medium,pace,Bowler,40,right
959767,Rachin Ravindra,Left-hand bat,Slow left-arm orthodox,spin,Batting allrounder,26,left
1350770,Raghav Goyal,Left-hand bat,Left-arm wrist-spin,spin,Bowler,24,left
974087,Rahmanullah Gurbaz,Right-hand bat,Right-arm medium,pace,Wicketkeeper batter,24,right
1064812,Rahul Desraj Chahar,Right-hand bat,Legbreak googly,spin,Bowler,26,right
423838,Rahul Tewatia,Left-hand bat,Legbreak,spin,Bowling allrounder,32,left
446763,Rahul Ajay Tripathi,Right-hand bat,Right-arm medium,pace,Top-order batter,35,right
33870,Rajagopal Sathish,Right-hand bat,Right-arm medium,pace,Allrounder,45,right
26907,Rajat Bhatia,Right-hand bat,Right-arm medium-fast,pace,Allrounder,46,right
823703,Rajat Manohar Patidar,Right-hand bat,Right-arm offbreak,spin,Top-order batter,32,right
1175429,Rajvardhan S Hangargekar,Right-hand bat,Right-arm fast-medium,pace,Bowling allrounder,23,right
1292502,Raj Angad Bawa,Left-hand bat,Right-arm medium-fast,pace,Allrounder,23,left
1079470,Ramandeep Singh,Right-hand bat,Right-arm medium,pace,Middle-order batter,28,right
793463,Rashid Khan Arman,Right-hand bat,Legbreak googly,spin,Bowling allrounder,27,right
1161489,Rasikh Salam Dar,Right-hand bat,Right-arm medium,pace,Bowler,25,right
337790,Hendrik Erasmus van der Dussen,Right-hand bat,Legbreak,spin,Top-order batter,37,right
1175441,Ravi Bishnoi,Right-hand bat,Legbreak googly,spin,Bowler,25,right
10582,Ravinder Singh Bopara,Right-hand bat,Right-arm medium,pace,Batting allrounder,40,right
26421,Ravichandran Ashwin,Right-hand bat,Right-arm offbreak,spin,Bowling allrounder,39,right
234675,Ravindrasinh Anirudhsinh Jadeja,Left-hand bat,Slow left-arm orthodox,spin,Allrounder,37,left
461632,Reece James William Topley,Right-hand bat,Left-arm fast-medium,pace,Bowler,32,right
473191,Richard James Gleeson,Right-hand bat,Right-arm fast-medium,pace,Bowler,38,right
642531,Ricky Kannakumar Bhui,Right-hand bat,Legbreak googly,spin,Top-order batter,29,right
318845,Rilee Roscoe Rossouw,Left-hand bat,Right-arm offbreak,spin,Top-order batter,36,left
961713,Riley Patrick Meredith,Right-hand bat,Right-arm fast,pace,Bowler,29,right
723105,Rinku Khanchand Singh,Left-hand bat,Right-arm offbreak,spin,Middle-order batter,28,left
1201520,Ripal Vinubhai Patel,Right-hand bat,Right-arm medium-fast,pace,Middle-order batter,30,right
931581,Rishabh Rajendra Pant,Left-hand bat,,,Wicketkeeper batter,28,left
290727,Rishi Dhawan,Right-hand bat,Right-arm medium-fast,pace,Allrounder,36,right
1079434,Riyan Parag,Right-hand bat,Right-arm offbreak,spin,Top-order batter,24,right
35582,Robin Venu Uthappa,Right-hand bat,Right-arm medium,pace,Batter,40,right
34102,Rohit Gurunath Sharma,Right-hand bat,Right-arm offbreak,spin,Top-order batter,38,right
677077,Romario Shepherd,Right-hand bat,Right-arm fast-medium,pace,Bowling allrounder,31,right
424219,Ronit Gajanan More,Right-hand bat,Right-arm medium,pace,Bowler,34,right
820351,Rovman Powell,Right-hand bat,Right-arm medium-fast,pace,Middle-order batter,32,right
223642,Juan Theron,Right-hand bat,Right-arm medium-fast,pace,Bowler,40,right
1060380,Ruturaj Dashrat Gaikwad,Right-hand bat,Right-arm offbreak,spin,Batter,29,right
47660,Ryan Neil ten Doeschate,Right-hand bat,Right-arm medium-fast,pace,Allrounder,45,right
432783,Sachin Baby,Left-hand bat,Right-arm offbreak,spin,Batter,37,left
1048739,Ravisrinivasan Sai Kishore,Left-hand bat,Slow left-arm orthodox,spin,Bowler,29,left
1151288,Bhardwaj Sai Sudharsan,Left-hand bat,Legbreak,spin,Top-order batter,24,left
297628,Samuel William Billings,Right-hand bat,,,Wicketkeeper batter,34,right
662973,Samuel Matthew Curran,Left-hand bat,Left-arm medium-fast,pace,Allrounder,27,left
1175489,Sameer Rizvi,Right-hand bat,Right-arm offbreak,spin,Allrounder,22,right
51433,Samuel Badree,Right-hand bat,Legbreak,spin,Bowler,45,right
960361,Sandeep Lamichhane,Right-hand bat,Legbreak googly,spin,Bowler,25,right
438362,Sandeep Sharma,Right-hand bat,Right-arm medium,pace,Bowler,32,right
592735,Sankarankutty Sandeep Warrier,Right-hand bat,Right-arm medium,pace,Bowler,34,right
1048841,Ramsingh  Sanjay Yadav,Left-hand bat,Slow left-arm orthodox,spin,Allrounder,30,left
425943,Sanju Viswanath Samson,Right-hand bat,,,Wicketkeeper batter,31,right
1132219,Sanvir Singh,Right-hand bat,Right-arm medium,pace,Allrounder,29,right
317292,Sarabjit Ladda,Right-hand bat,Legbreak,spin,Bowler,39,right
642525,Sarfaraz Naushad Khan,Right-hand bat,Legbreak,spin,Middle-order batter,28,right
35390,Saurabh Sunil Tiwary,Left-hand bat,,,Top-order batter,36,left
1287369,Saurav Dilipsingh Chauhan,Left-hand bat,Right-arm offbreak,spin,Top-order batter,25,left
446548,Scott Michael Boland,Right-hand bat,Right-arm fast-medium,pace,Bowler,36,right
539548,Scott Christopher Kuggeleijn,Right-hand bat,Right-arm fast-medium,pace,Bowling allrounder,34,right
398666,Sean Anthony Abbott,Right-hand bat,Right-arm fast-medium,pace,Bowling allrounder,34,right
29655,Shadab Bashir Jakati,Left-hand bat,Slow left-arm orthodox,spin,Bowler,45,left
1159711,Shahbaz Ahmed,Left-hand bat,Slow left-arm orthodox,spin,Allrounder,31,left
31872,Shahbaz Nadeem,Right-hand bat,Slow left-arm orthodox,spin,Bowler,36,right
581379,Shai Diego Hope,Right-hand bat,,,Wicketkeeper batter,32,right
56143,Shakib Al Hasan,Left-hand bat,Slow left-arm orthodox,spin,Allrounder,38,left
1356971,Shamar Joseph,Left-hand bat,Right-arm fast,pace,Bowler,26,left
1131607,Shams Zakir Mulani,Left-hand bat,Slow left-arm orthodox,spin,Allrounder,29,left
8180,Shane Robert Watson,Right-hand bat,Right-arm fast-medium,pace,Allrounder,44,right
475281,Shardul Narendra Thakur,Right-hand bat,Right-arm medium,pace,Bowling allrounder,34,right
377534,Shashank Singh,Right-hand bat,Right-arm medium,pace,Batting allrounder,34,right
6683,Shaun Edward Marsh,Left-hand bat,Slow left-arm orthodox,spin,Top-order batter,42,left
495551,Sheldon Shane Cottrell,Right-hand bat,Left-arm fast-medium,pace,Bowler,36,right
237696,Sheldon Philip Jackson,Right-hand bat,Right-arm offbreak,spin,Wicketkeeper batter,39,right
914541,Sherfane Eviston Rutherford,Left-hand bat,Right-arm fast-medium,pace,Middle-order batter,27,left
28235,Shikhar Dhawan,Left-hand bat,Right-arm offbreak,spin,Opening batter,40,left
670025,Shimron Odilon Hetmyer,Left-hand bat,,,Middle-order batter,29,left
714451,Shivam Dube,Left-hand bat,Right-arm medium,pace,Allrounder,32,left
1079848,Shivam Pankaj Mavi,Right-hand bat,Right-arm fast-medium,pace,Bowling allrounder,27,right
717201,Shivam Sharma,Right-hand bat,Right-arm offbreak,spin,Unknown,32,right
1380113,Shivam Singh,Right-hand bat,Right-arm offbreak,spin,Allrounder,30,right
917213,Shivil Kaushik,Right-hand bat,Left-arm wrist-spin,spin,Bowler,30,right
302579,Shreevats Pratyush Goswami,Left-hand bat,,,Wicketkeeper batter,36,left
344580,Shreyas Gopal,Right-hand bat,Legbreak,spin,Bowler,32,right
642519,Shreyas Santosh Iyer,Right-hand bat,Right-arm offbreak,spin,Top-order batter,31,right
1079668,Shubham Sanjay Agarwal,Right-hand bat,Legbreak googly,spin,Unknown,32,right
1252585,Shubham Badriprasad Dubey,Left-hand bat,Right-arm offbreak,spin,Middle-order batter,31,left
1070173,Shubman Gill,Right-hand bat,Right-arm offbreak,spin,Top-order batter,26,right
326017,Siddarth Kaul,Right-hand bat,Right-arm medium,pace,Bowler,35,right
422342,Siddhesh Dinesh Lad,Right-hand bat,Right-arm offbreak,spin,Middle-order batter,33,right
299572,Sikandar Raza Butt,Right-hand bat,Right-arm offbreak,spin,Batting allrounder,39,right
1159722,Simarjeet Singh,Right-hand bat,Right-arm medium-fast,pace,Bowler,28,right
379776,Sisanda Somila Bruce Magala,Right-hand bat,Right-arm fast-medium,pace,Bowler,35,right
1123718,Spencer Henry Johnson,Left-hand bat,Left-arm fast,pace,Bowler,30,left
290632,Sreenath Aravind,Left-hand bat,Left-arm medium-fast,pace,Bowler,41,left
529436,Kona Srikar Bharat,Right-hand bat,,,Wicketkeeper batter,32,right
267192,Steven Peter Devereux Smith,Right-hand bat,Legbreak googly,spin,Top-order batter,36,right
27223,Stuart Terence Roger Binny,Right-hand bat,Right-arm medium,pace,Allrounder,41,right
1131619,Sudhesan Midhun,Right-hand bat,Legbreak googly,spin,Bowler,31,right
1159734,Sumit Kumar,Right-hand bat,Right-arm medium-fast,pace,Allrounder,30,right
230558,Sunil Philip Narine,Left-hand bat,Right-arm offbreak,spin,Bowling allrounder,37,left
33335,Suresh Kumar Raina,Left-hand bat,Right-arm offbreak,spin,Middle-order batter,39,left
446507,Suryakumar Ashok Yadav,Right-hand bat,Right-arm medium,pace,Batter,35,right
1083851,Suyash S Prabhudessai,Right-hand bat,Right-arm medium,pace,Batting allrounder,28,right
1350792,Suyash Sharma,Right-hand bat,Legbreak googly,spin,Bowler,22,right
232292,Swapnil Singh,Right-hand bat,Slow left-arm orthodox,spin,Bowler,35,right
802575,Thangarasu Natarajan,Left-hand bat,Left-arm medium,pace,Bowler,34,left
379145,Tabraiz Shamsi,Right-hand bat,Left-arm wrist-spin,spin,Bowler,36,right
1125960,Tanush Karunakar Kotian,Right-hand bat,Right-arm offbreak,spin,Bowling allrounder,27,right
1082859,Tejas Baroka,Right-hand bat,Legbreak googly,spin,Bowler,30,right
233514,Narangoda Liyanaarachchilage Thisara Chirantha Perera,Left-hand bat,Right-arm medium-fast,pace,Bowling allrounder,36,left
1170265,Namboori Thakur Tilak Varma,Left-hand bat,Right-arm offbreak,spin,Batting allrounder,23,left
892749,Timothy Hays David,Right-hand bat,Right-arm offbreak,spin,Middle-order batter,30,right
625964,Tim Louis Seifert,Right-hand bat,,,Wicketkeeper batter,31,right
232364,Timothy Grant Southee,Right-hand bat,Right-arm medium-fast,pace,Bowler,37,right
877051,Tom Banton,Right-hand bat,,,Wicketkeeper batter,27,right
550235,Thomas Kevin Curran,Right-hand bat,Right-arm fast-medium,pace,Allrounder,31,right
470633,Tom Kohler-Cadmore,Right-hand bat,Right-arm offbreak,spin,Wicketkeeper batter,31,right
530011,Travis Michael Head,Left-hand bat,Right-arm offbreak,spin,Middle-order batter,32,left
277912,Trent Alexander Boult,Right-hand bat,Left-arm fast-medium,pace,Bowler,36,right
595978,Tristan Stubbs,Right-hand bat,Right-arm offbreak,spin,Batter,25,right
822553,Tushar Uday Deshpande,Left-hand bat,Right-arm medium,pace,Bowler,30,left
459257,Tymal Solomon Mills,Right-hand bat,Left-arm fast,pace,Bowler,33,right
376116,Umeshkumar Tilak Yadav,Right-hand bat,Right-arm fast,pace,Bowler,38,right
1246528,Umran Malik,Right-hand bat,Right-arm fast,pace,Bowler,26,right
446499,Unmukt Bharat Thakur Chand,Right-hand bat,Right-arm offbreak,spin,Wicketkeeper batter,32,right
215155,Usman Tariq Khawaja,Left-hand bat,Right-arm medium,pace,Top-order batter,39,left
1209292,Vaibhav Gopal Arora,Right-hand bat,Right-arm fast-medium,pace,Bowler,28,right
360911,Varun Raymond Aaron,Right-hand bat,Right-arm fast,pace,Bowler,36,right
1108375,Varun Chakravarthy Vinod,Right-hand bat,Legbreak googly,spin,Bowler,34,right
851403,Venkatesh Rajasekaran Iyer,Left-hand bat,Right-arm medium,pace,Allrounder,31,left
1155262,Vidwath Kaverappa,Right-hand bat,Right-arm fast-medium,pace,Bowler,27,right
477021,Vijay Shankar,Right-hand bat,Right-arm medium,pace,Allrounder,35,right
1153149,Vijayakanth Viyaskanth,Right-hand bat,Legbreak,spin,Bowler,24,right
777815,Vijaykumar Vyshak,Right-hand bat,Right-arm medium,pace,Bowler,29,right
35731,Ranganath Vinay Kumar,Right-hand bat,Right-arm medium,pace,Bowler,42,right
253802,Virat Kohli,Right-hand bat,Right-arm medium,pace,Top-order batter,37,right
720465,Virat Binod Singh,Left-hand bat,Legbreak googly,spin,Top-order batter,28,left
35263,Virender Sehwag,Right-hand bat,Right-arm offbreak,spin,Top-order batter,47,right
732293,Vishnu Vinod,Right-hand bat,,,Wicketkeeper batter,32,right
1252370,Vivrant Sharma,Left-hand bat,Legbreak googly,spin,Allrounder,26,left
784379,Pinnaduwage Wanindu Hasaranga de Silva,Right-hand bat,Legbreak,spin,Allrounder,28,right
719715,Washington Sundar,Left-hand bat,Right-arm offbreak,spin,Bowling allrounder,26,left
265564,Wayne Dillon Parnell,Left-hand bat,Left-arm medium-fast,pace,Bowler,36,left
897549,William George Jacks,Right-hand bat,Right-arm offbreak,spin,Batting allrounder,27,right
279810,Wriddhiman Prasanta Saha,Right-hand bat,,,Wicketkeeper batter,41,right
1159720,Yash Dayal,Right-hand bat,Left-arm medium-fast,pace,Bowler,28,right
1292498,Yash Vijay Dhull,Right-hand bat,Right-arm offbreak,spin,Top-order batter,23,right
1070196,Yash Ravisingh Thakur,Right-hand bat,Right-arm fast-medium,pace,Bowler,27,right
1151278,Yashasvi Bhupendra Kumar Jaiswal,Left-hand bat,Legbreak,spin,Opening batter,24,left
1206052,Yudhvir Singh Charak,Right-hand bat,Right-arm medium-fast,pace,Bowler,28,right
32498,Yusuf Khan Pathan,Right-hand bat,Right-arm offbreak,spin,Allrounder,43,right
36084,Yuvraj Singh,Left-hand bat,Slow left-arm orthodox,spin,Middle-order batter,44,left
430246,Yuzvendra Singh Chahal,Right-hand bat,Legbreak googly,spin,Bowler,35,right
30102,Zaheer Khan,Right-hand bat,Left-arm fast-medium,pace,Bowler,47,right
1409976,Aniket Umashankar Verma,Right-hand bat,Right-arm medium-fast,pace,Batter,24,right
1209126,Ashwani Kumar,Left-hand bat,Left-arm medium,pace,Bowler,24,left
1452455,Ayush Mhatre,Right-hand bat,Right-arm offbreak,spin,Top-order batter,18,right
594322,Corbin Bosch,Right-hand bat,Right-arm fast-medium,pace,Allrounder,31,right
1460529,Digvesh Singh Rathi,Right-hand bat,Legbreak,spin,Bowler,26,right
1306214,Kiribathgala Kankanamalage Eshan Malinga Dharmasena,Left-hand bat,Right-arm fast-medium,pace,Bowler,25,left
1216159,Harsh Surendra Dubey,Left-hand bat,Slow left-arm orthodox,spin,Bowling allrounder,23,left
1194959,Jacob Graham Bethell,Left-hand bat,Slow left-arm orthodox,spin,Batting allrounder,22,left
510530,Jamie Overton,Right-hand bat,Right-arm fast,pace,Bowling allrounder,31,right
662235,Joshua Patrick Inglis,Right-hand bat,,,Wicketkeeper batter,31,right
784373,Pasqual Handi Kamindu Dilanka Mendis,Left-hand bat,Right-arm offbreak,spin,Allrounder,27,left
793467,Karim Janat,Right-hand bat,Right-arm medium,pace,Batting allrounder,27,right
1339031,Kunal Singh Rathore,Left-hand bat,,,Wicketkeeper batter,23,left
629074,Balapuwaduge Kusal Gimhan Mendis,Right-hand bat,Legbreak,spin,Wicketkeeper batter,31,right
1460385,Madhav Tiwari,Right-hand bat,Right-arm medium-fast,pace,Allrounder,22,right
1057399,Manoj Shivaramsa Bhandage,Left-hand bat,Right-arm medium-fast,pace,Allrounder,27,left
595267,Matthew Paul Breetzke,Right-hand bat,,,Batter,27,right
1213979,Mitchell J Owen,Right-hand bat,Right-arm medium,pace,Allrounder,24,right
1316430,Musheer Khan,Right-hand bat,Slow left-arm orthodox,spin,Allrounder,21,right
1350768,Prince Yadav,Right-hand bat,Right-arm fast,pace,Bowler,24,right
1175456,Priyansh Arya,Left-hand bat,Right-arm offbreak,spin,Opening batter,24,left
1350762,Robin Minz,Left-hand bat,Slow left-arm orthodox,spin,Wicketkeeper batter,23,left
605661,Ryan David Rickelton,Left-hand bat,,,Wicketkeeper batter,29,left
1392201,Penumatsa Venkata Satyanarayana Raju,Right-hand bat,Right-arm medium-fast,pace,Bowler,26,right
1161050,Sediqullah Atal,Left-hand bat,,,Opening batter,24,left
1292497,Shaik Rasheed,Right-hand bat,Legbreak,spin,Batter,21,right
1339698,Suryansh Shedge,Right-hand bat,Right-arm medium-fast,pace,Batting allrounder,23,right
1131570,Urvil Mukesh Patel,Right-hand bat,,,Wicketkeeper batter,27,right
1408688,Vaibhav Sooryavanshi,Left-hand bat,Slow left-arm orthodox,spin,Top-order batter,14,left
1460388,Vignesh Puthur,Right-hand bat,Left-arm wrist-spin,spin,Bowler,25,right
1449074,Vipraj Nigam,Right-hand bat,Legbreak,spin,Bowler,21,right
698189,Pieter Willem Adriaan Mulder,Right-hand bat,Right-arm medium,pace,Allrounder,28,right
1211825,William Peter O'Rourke,Right-hand bat,Right-arm fast,pace,Bowler,24,right
1050545,Xavier Colin Bartlett,Right-hand bat,Right-arm fast-medium,pace,Bowler,27,right
942371,Zeeshan Ansari,Right-hand bat,Legbreak googly,spin,Bowler,26,right
